Animal,Session,SessionType,Trial,Block,TrialsPerBlock,TrainingLevel,ABL,ILD,Bias,LeftAmp,RightAmp,WaveformL,WaveformR,TrialStart,TrialEnd,TrialDuration,IntendedITI,ITIStart,ITIEnd,TimedITI,MaxWait,TimeToCNP,BaseFix,ExpFixMean,IntendedFix,TimedFix,BaseRT,MaxRT,TimedRT,MaxMT,TimedMT,IntendedLNP,TimedLNP,ResponsePoke,Outcome,RepeatTrial,BlockPerformance,BlockAbortRatio,LEDTrial,TimedLED,LEDPowerL,LEDPowerR,Box
4,1,1,1,1,2,16,0,0,0.5,17,18,0,0,5230.7949760000001,5248.4829760000002,17.688000000000102,3,5227.7789759999996,5230.7929919999997,3.0140160000000833,60,12.995648000000074,0.20000000000000001,0.074999999999999997,10.065557224689657,2.4858560000002399,0.010999999999999999,5,2.4015040000003864,6,2.0277759999999034,0.01,0.034495999999307969,-1,2,0,1,0,13,14,15,16,0
4,1,1,1,1,2,16,0,0,0.5,17,18,0,0,5265.9069760000002,5270.5549760000004,4.6480000000001382,3,5262.8989760000004,5265.9049919999998,3.006015999999363,60,0.8929920000000493,0.20000000000000001,0.074999999999999997,10.050758948238558,2.030175999999301,0.010999999999999999,5,1.9691519999996672,6,1.6019519999999829,0.01,0.099423999999999069,1,2,0,1,0,13,14,15,16,0
4,2,1,1,1,2,16,0,0,0.5,17,18,0,0,5325.0009920000002,5329.7799999999997,4.7790079999995214,3,5321.9849919999997,5324.9989759999999,3.0139840000001641,60,2.05542400000013,0.20000000000000001,0.074999999999999997,10.08066145083696,1.6161599999995815,0.010999999999999999,5,1.5375999999996566,6,0.90851199999997334,0.01,0.019935999999688647,-1,2,0,1,0,13,14,15,16,0
4,3,1,1,1,2,16,0,0,0.5,17,18,0,0,6044.4179839999997,6049.2549760000002,4.836992000000464,3,6041.4120000000003,6044.4160000000002,3.0039999999999054,60,2.0043839999998454,0.20000000000000001,0.074999999999999997,10.014748981654376,0.96780800000033196,0.010999999999999999,5,0.86518400000022666,6,1.6785280000003695,0.01,0.071167999999488529,1,2,0,1,0,13,14,15,16,0
4,3,1,1,1,2,16,0,0,0.5,17,18,0,0,6064.8689919999997,6070.3400000000001,5.4710080000004382,3,6061.865984,6064.8669760000002,3.0009920000002239,60,3.6179520000005141,0.20000000000000001,0.074999999999999997,10.001024971478563,0.54464000000007218,0.010999999999999999,5,0.49660800000037852,6,1.1705919999994876,0.01,0.074720000000525033,1,2,0,1,0,13,14,15,16,0
4,4,1,1,1,2,16,0,0,0.5,17,18,0,0,6209.1409919999996,6270.3379839999998,61.196992000000137,3,6206.1319999999996,6209.1389760000002,3.0069760000005772,60,0,10,0.074999999999999997,0,0,0.01,5,0,6,0,0.01,0,0,-1,0,0,0.5,13,14,15,16,0
4,4,1,1,1,2,16,0,0,0.5,17,18,0,0,6300.932992,6362.0449920000001,61.11200000000008,3,6297.9209920000003,6300.9309759999996,3.0099839999993492,60,0,10,0.074999999999999997,0,0,0.01,5,0,6,0,0.01,0,0,-1,0,0,0.5,13,14,15,16,0
4,5,1,1,1,2,16,0,0,0.5,17,18,0,0,6407.5559999999996,6468.7240000000002,61.168000000000575,3,6404.5439999999999,6407.5539840000001,3.0099840000002587,60,0,10,0.074999999999999997,0,0,0.01,5,0,6,0,0.01,0,0,-1,0,0,0.5,13,14,15,16,0
4,6,1,1,1,2,16,0,0,0.5,17,18,0,0,6628.4120000000003,6689.5739839999997,61.161983999999393,3,6625.3999999999996,6628.4099839999999,3.0099840000002587,60,0,10,0.074999999999999997,0,0,0.01,5,0,6,0,0.01,0,0,-1,0,0,0.5,13,14,15,16,0
4,6,1,1,1,2,16,0,0,0.5,17,18,0,0,6754.6259840000002,6815.7289920000003,61.103008000000045,3,6751.6129920000003,6754.6239999999998,3.0110079999994923,60,0,10,0.074999999999999997,0,0,0.01,5,0,6,0,0.01,0,0,-1,0,0,0.5,13,14,15,16,0
4,6,1,2,1,2,16,0,0,0.5,17,18,0,0,6818.9269759999997,6879.932992,61.006016000000272,3,6815.9109760000001,6818.9249920000002,3.0140160000000833,60,0,10,0.074999999999999997,0,0,0.01,5,0,6,0,0.01,0,0,-1,0,0,0.66666666666666663,13,14,15,16,0
4,7,1,1,1,2,16,0,0,0.5,17,18,0,0,6970.1099839999997,7031.3049920000003,61.195008000000598,3,6967.0909760000004,6970.1080000000002,3.0170239999997648,60,0,10,0.074999999999999997,0,0,0.01,5,0,6,0,0.01,0,0,-1,0,0,0.5,13,14,15,16,0
4,8,1,1,1,2,16,0,0,0.5,17,18,0,0,15120.957984000001,15152.009984,31.05199999999968,3,15117.942976,15120.956,3.0130239999998594,60,0,10,0.074999999999999997,0,0,0.01,5,0,6,0,0.01,0,0,-2,0,0,0.5,13,14,15,16,0
4,8,1,2,1,2,16,0,0,0.5,17,18,0,0,15155.216992,15165.256992000001,10.040000000000873,3,15152.202976,15155.214975999999,3.0119999999988067,60,5.7746879999995144,0.20000000000000001,0.074999999999999997,10.162506871619703,1.2981760000002396,0.010999999999999999,5,1.2828799999988405,6,0.84409600000071805,0.01,0,1,1,0,0,0.33333333333333331,13,14,15,16,0
4,9,1,1,1,2,16,0,0,0.5,17,18,0,0,15360.348,15370.886976,10.53897599999982,3,15357.337984,15360.345984,3.0079999999998108,60,7.6067839999996067,0.20000000000000001,0.074999999999999997,10.186372843036862,1.4554879999996047,0.010999999999999999,5,1.3432959999990999,6,1.2818560000014259,0.01,0.038047999998525484,-1,2,0,1,0,13,14,15,16,0
4,9,1,2,1,2,16,0,0,0.5,17,18,0,0,15374.089984,15384.710976,10.620992000000115,3,15371.084000000001,15374.088,3.0039999999989959,60,6.2245120000006864,0.20000000000000001,0.074999999999999997,0.32217180035384974,0.96326399999998102,0.012,5,0.96176000000014028,6,1.4001919999991514,0.01,0.038047999998525484,1,1,0,0.5,0,13,14,15,16,0
4,9,1,3,2,2,17,0,0,0.5,17,18,0,0,15387.760992,15400.248992000001,12.488000000001193,3,15384.748992000001,15387.758975999999,3.0099839999984397,60,7.4148160000004282,0.20000000000000001,0.074999999999999997,0.25175662340409888,1.9175360000008368,0.013000000000000001,5,1.9163520000001881,6,1.1453759999985778,0.01,0.038047999998525484,-1,1,0,0,0,13,14,15,16,0
4,9,1,4,2,2,17,0,0,0.5,17,18,0,0,15403.290976,15410.518975999999,7.227999999999156,3,15400.285984,15403.288992,3.0030079999996815,60,3.4133120000005874,0.20000000000000001,0.074999999999999997,0.25385995830240532,0.58876799999961804,0.014000000000000002,5,0.58707200000026205,6,1.2116800000003423,0.01,0.038047999998525484,1,1,0,0,0,13,14,15,16,0
4,9,1,5,3,2,18,0,0,0.5,17,18,0,0,15413.559999999999,15427.928,14.368000000000393,3,15410.549983999999,15413.557983999999,3.0079999999998108,60,11.23241600000074,0.20000000000000001,0.074999999999999997,0.7617472882020655,0.49500799999987066,0.015000000000000003,5,0.47843199999988428,6,0.63046399999984715,0.01,0.038047999998525484,1,1,0,0,0,13,14,15,16,0
4,10,1,1,1,2,16,0,0,0.5,17,18,0,0,15538.744000000001,15544.213984,5.4699839999993856,3,15535.729984,15538.741984,3.0120000000006257,60,3.7329599999993661,0.20000000000000001,0.074999999999999997,10.008409486716339,0.37011200000051758,0.010999999999999999,5,0.29407999999966705,6,1.1942719999988185,0.01,0.027616000001216889,1,2,0,1,0,13,14,15,16,0
4,10,1,2,1,2,16,0,0,0.5,17,18,0,0,15547.421984000001,15552.120992,4.6990079999995942,3,15544.417984,15547.42,3.0020160000003671,60,3.1680639999995037,0.20000000000000001,0.074999999999999997,0.21325316360956492,0.3947520000001532,0.012,5,0.39382400000067719,6,1.1099520000007033,0.01,0.026239999999233987,1,2,0,1,0,13,14,15,16,0
4,10,1,3,2,2,17,0,0,0.5,17,18,0,0,15555.162976,15562.121983999999,6.9590079999998125,3,15552.150976000001,15555.160991999999,3.0100159999983589,60,3.3912000000000262,0.20000000000000001,0.074999999999999997,0.34081796143264631,0.44572800000059942,0.013000000000000001,5,0.44390399999974761,6,1.0960959999993065,0.01,0.026239999999233987,1,1,0,0,0,13,14,15,16,0
4,10,1,4,2,2,17,0,0,0.5,17,18,0,0,15565.158976000001,15566.666976,1.5079999999998108,3,15562.149984,15565.156992,3.0070080000004964,60,0.22819199999867124,0.20000000000000001,0.074999999999999997,0.20097105881378816,0.3224000000009255,0.014000000000000002,5,0.32057600000007369,6,0.94364800000039395,0.01,0.013759999999820138,1,2,0,0.5,0,13,14,15,16,0
4,11,1,1,1,2,16,0,0,0.5,17,18,0,0,15671.791999999999,15678.816992,7.0249920000005659,3,15668.761984000001,15671.789983999999,3.0279999999984284,60,1.5240000000012515,0.20000000000000001,0.074999999999999997,10.129309642186934,1.1870719999988069,0.010999999999999999,5,1.0960959999993065,6,2.1830079999999725,0.01,0,1,1,0,0,0,13,14,15,16,0
4,11,1,2,1,2,16,0,0,0.5,17,18,0,0,15682.036991999999,15683.656992,1.6200000000008004,3,15679.030976,15682.034976000001,3.0040000000008149,60,0.12060800000108429,0.20000000000000001,0.074999999999999997,0.20760604170274266,0.23468799999864132,0.012,5,0.2333119999984774,6,1.1960960000014893,0.01,0.046816000000035274,1,2,0,0.5,0,13,14,15,16,0
4,11,1,3,2,2,17,0,0,0.5,17,18,0,0,15686.696991999999,15692.244000000001,5.5470080000013695,3,15683.682976,15686.694976000001,3.0120000000006257,60,3.8447360000009212,0.20000000000000001,0.074999999999999997,0.2059842571521206,0.75100799999927403,0.013000000000000001,5,0.74975999999878695,6,0.93235199999980978,0.01,0.018912000001364504,1,2,0,1,0,13,14,15,16,0
4,11,1,4,2,2,17,0,0,0.5,17,18,0,0,15695.276,15699.544,4.2680000000000291,3,15692.273983999999,15695.273983999999,3,60,2.6103039999998146,0.20000000000000001,0.074999999999999997,0.22390414989895011,0.49062400000002526,0.014000000000000002,5,0.48892799999885028,6,1.1496640000004845,0.01,0.017407999999704771,1,2,0,1,0,13,14,15,16,0
4,11,1,5,3,2,18,0,0,0.5,17,18,0,0,15702.588,15707.956,5.3680000000003929,3,15699.577984,15702.585983999999,3.0079999999998108,60,4.0605759999998554,0.20000000000000001,0.074999999999999997,0.2152156752911413,0.39500799999950686,0.015000000000000003,5,0.39359999999942374,6,0.89020800000071176,0.01,0.022208000000318862,1,2,0,1,0,13,14,15,16,0
4,11,1,6,3,2,18,0,0,0.5,17,18,0,0,15710.978976,15713.987999999999,3.0090239999990445,3,15707.974976,15710.976992,3.0020160000003671,60,1.8165439999993396,0.20000000000000001,0.074999999999999997,0.2425555759360799,0.27776000000085332,0.016000000000000004,5,0.27628800000093179,6,0.89203199999974458,0.01,0.018592000000353437,1,2,0,1,0,13,14,15,16,0
4,12,1,1,1,2,16,0,0,0.5,17,18,0,0,15799.084992,15802.282976,3.1979840000003605,3,15796.060992000001,15799.082976,3.0219839999990654,60,1.0976640000008047,0.20000000000000001,0.074999999999999997,10.013873274411788,0.68607999999949243,0.010999999999999999,5,0.61574400000063179,6,1.1989119999998366,0.01,0.1600959999996121,1,2,0,1,0,13,14,15,16,0
4,12,1,2,1,2,16,0,0,0.5,17,18,0,0,15805.492992,15809.680992,4.1880000000001019,3,15802.488992000001,15805.490975999999,3.0019839999986289,60,2.2649600000004284,0.20000000000000001,0.074999999999999997,0.20626146948221899,0.67849600000045029,0.012,5,0.67747200000121666,6,1.2216639999987819,0.01,0.022880000000441214,1,2,0,1,0,13,14,15,16,0
4,12,1,3,2,2,17,0,0,0.5,17,18,0,0,15812.712992000001,15819.712992000001,7,3,15809.704,15812.710976,3.0069760000005772,60,3.2906559999992169,0.20000000000000001,0.074999999999999997,0.29066235223712772,0.58220799999980954,0.013000000000000001,5,0.58086399999956484,6,1.1046079999996437,0.01,0.022880000000441214,1,1,0,0,0,13,14,15,16,0
4,12,1,4,2,2,17,0,0,0.5,17,18,0,0,15825.898976,15832.976992,7.0780159999994794,3,15822.888992,15825.896992,3.0079999999998108,60,3.4242240000003221,0.20000000000000001,0.074999999999999997,0.3382118491351721,0.3591679999990447,0.014000000000000002,5,0.35737599999993108,6,1.2890239999996993,0.01,0.022880000000441214,1,1,0,0,0,13,14,15,16,0
4,12,1,5,3,2,18,0,0,0.5,17,18,0,0,15838.748,15842.886976,4.1389760000001843,3,15835.744992,15838.745983999999,3.0009919999993144,60,0.550016000001051,0.20000000000000001,0.074999999999999997,0.3447702995995735,0.57910399999855144,0.015000000000000003,5,0.57814399999915622,6,1.0005440000004455,0.01,0.022880000000441214,1,1,0,0,0,13,14,15,16,0
4,12,1,6,3,2,18,0,0,0.5,17,18,0,0,15845.928,15850.936992000001,5.0089920000009442,3,15842.918976000001,15845.925984,3.0070079999986774,60,1.2837440000002971,0.20000000000000001,0.074999999999999997,0.30040062925516653,0.48140799999964656,0.016000000000000004,5,0.48015999999915948,6,1.2316160000009404,0.01,0.022880000000441214,1,1,0,0,0,13,14,15,16,0
4,12,1,7,4,2,19,0,0,0.5,17,18,0,0,15853.978976,15858.548992,4.5700159999996686,3,15850.968992,15853.976992,3.0079999999998108,60,2.4107199999998556,0.20000000000000001,0.074999999999999997,0.20072293353575177,0.21968000000015309,0.017000000000000005,5,0.2183999999997468,6,1.9184640000003128,0.01,0.021151999999347026,1,2,0,1,0,13,14,15,16,0
4,12,1,8,4,2,19,0,0,0.5,17,18,0,0,15861.600992,15869.32,7.7190080000000307,3,15858.590976,15861.598975999999,3.0079999999998108,60,3.9682240000001912,0.20000000000000001,0.074999999999999997,0.26147723960387742,0.2899520000009943,0.018000000000000006,5,0.28819199999998091,6,1.4513279999991937,0.01,0.021151999999347026,1,1,0,0.5,0,13,14,15,16,0
4,13,1,1,1,2,16,0,0,0.5,17,18,0,0,15918.835999999999,15921.520992,2.6849920000004204,3,15915.821984,15918.833984000001,3.0120000000006257,60,0.73760000000038417,0.20000000000000001,0.074999999999999997,10.03569527999735,0.7061439999997674,0.010999999999999999,5,0.62876799999867217,6,1.0690560000002733,0.01,0.026847999999517924,1,2,0,1,0,13,14,15,16,0
4,13,1,2,1,2,16,0,0,0.5,17,18,0,0,15924.732991999999,15930.112992,5.3800000000010186,3,15921.720992,15924.730976000001,3.0099840000002587,60,1.4512320000012551,0.20000000000000001,0.074999999999999997,0.25288267434457767,1.0590080000001763,0.012,5,1.0572480000009818,6,0.8394559999997,0.01,0.026847999999517924,1,1,0,0.5,0,13,14,15,16,0
4,13,1,1,1,2,16,0,0,0.5,17,18,0,0,16002.286975999999,16006.614976000001,4.3280000000013388,3,15999.273983999999,16002.284992000001,3.0110080000013113,60,0.55430400000113877,0.20000000000000001,0.074999999999999997,10.000587942387455,0.64204799999970419,0.010999999999999999,5,0.59635200000047917,6,1.0258240000002843,0.01,0,-1,1,0,0,0,13,14,15,16,0
4,13,1,1,1,2,16,0,0,0.5,17,18,0,0,16030.772000000001,16033.369984000001,2.5979839999999967,3,16027.768991999999,16030.769984,3.0009920000011334,60,0.7903360000000248,0.20000000000000001,0.074999999999999997,10.021093633145755,0.60735999999997148,0.010999999999999999,5,0.54771200000141107,6,1.0870079999986046,0.01,0.029472000000168919,1,2,0,1,0,13,14,15,16,0
4,13,1,2,1,2,16,0,0,0.5,17,18,0,0,16036.552,16043.200992,6.6489920000003622,3,16033.549983999999,16036.550976,3.0009920000011334,60,2.8433920000006765,0.20000000000000001,0.074999999999999997,0.34102834481997296,0.50601599999936298,0.012,5,0.50441599999976461,6,1.2800960000004125,0.01,0.029472000000168919,1,1,0,0.5,0,13,14,15,16,0
4,13,1,3,2,2,17,0,0,0.5,17,18,0,0,16046.252,16049.959999999999,3.7079999999987194,3,16043.245983999999,16046.249984,3.0040000000008149,60,2.2372479999994539,0.20000000000000001,0.074999999999999997,0.20065735920930403,0.51488000000063039,0.013000000000000001,5,0.51315200000135519,6,0.93337599999904342,0.01,0.022495999999591731,1,2,0,1,0,13,14,15,16,0
4,13,1,1,1,2,16,0,0,0.5,17,18,0,0,16167.190976,16170.778976,3.5879999999997381,3,16164.181984000001,16167.188991999999,3.0070079999986774,60,1.3639359999997396,0.20000000000000001,0.074999999999999997,10.111983069817837,0.33209600000009232,0.010999999999999999,5,0.27603199999975914,6,1.7708800000000338,0.01,0.029695999999603373,-1,2,0,1,0,13,14,15,16,0
4,13,1,2,1,2,16,0,0,0.5,17,18,0,0,16173.960992,16180.189984000001,6.2289920000002894,3,16170.949984000001,16173.958976,3.0089919999991253,60,2.5644159999992553,0.20000000000000001,0.074999999999999997,0.25110591460947351,0.41209600000001956,0.012,5,0.4105280000003404,6,1.236800000000585,0.01,0.029695999999603373,-1,1,0,0.5,0,13,14,15,16,0
4,13,1,3,2,2,17,0,0,0.5,17,18,0,0,16183.220992,16189.109984000001,5.8889920000001439,3,16180.213984,16183.218976,3.0049920000001293,60,2.2747519999993528,0.20000000000000001,0.074999999999999997,0.21253466380493319,0.43574400000034075,0.013000000000000001,5,0.43449599999985367,6,1.172736000000441,0.01,0.029695999999603373,-1,1,0,0,0,13,14,15,16,0
4,13,1,4,2,2,17,0,0,0.5,17,18,0,0,16192.150976000001,16194.458976,2.3079999999990832,3,16189.144,16192.148992,3.0049920000001293,60,1.1131519999999,0.20000000000000001,0.074999999999999997,0.27265785591317016,0.30732799999896088,0.014000000000000002,5,0.30547200000000885,6,0.8640640000012354,0.01,0.023455999998986954,-1,2,0,0.5,0,13,14,15,16,0
4,14,1,1,1,2,16,0,0,0.5,17,18,0,0,16300.173983999999,16302.362976,2.1889920000012353,3,16297.164000000001,16300.172,3.0079999999998108,60,0.66073600000163424,0.20000000000000001,0.074999999999999997,10.072506317009177,0.31718399999954272,0.010999999999999999,5,0.24892800000088755,6,1.0369279999995342,0.01,0.032864000000699889,-1,2,0,1,0,13,14,15,16,0
4,14,1,2,1,2,16,0,0,0.5,17,18,0,0,16305.572,16309.561984,3.9899839999998221,3,16302.568992,16305.569984,3.0009919999993144,60,0.79507199999898148,0.20000000000000001,0.074999999999999997,0.20597985886522449,0.29820800000015879,0.012,5,0.29628799999954936,6,0.87366400000064459,0.01,0.032864000000699889,-1,1,0,0.5,0,13,14,15,16,0
4,14,1,3,2,2,17,0,0,0.5,17,18,0,0,16312.612992,16314.782976,2.1699840000001132,3,16309.596992000001,16312.610976,3.0139839999992546,60,0.66198400000030233,0.20000000000000001,0.074999999999999997,0.33269665293354611,0.34399999999914144,0.013000000000000001,5,0.3429759999999078,6,1.1388800000004267,0.01,0.017792000000554253,-1,2,0,1,0,13,14,15,16,0
4,14,1,4,2,2,17,0,0,0.5,17,18,0,0,16317.820992000001,16321.820992000001,4,3,16314.809984,16317.818976,3.0089920000009442,60,0.71411199999965902,0.20000000000000001,0.074999999999999997,0.24547935773604374,0.27260799999930896,0.014000000000000002,5,0.27072000000043772,6,0.99731199999951059,0.01,0.017792000000554253,-1,1,0,0.5,0,13,14,15,16,0
4,15,1,1,1,2,16,0,0,0.5,17,18,0,0,16412.504991999998,16428.909984000002,16.404992000003404,3,16409.495999999999,16412.502976,3.0069760000005772,60,14.445568000002822,0.20000000000000001,0.074999999999999997,10.330449779586889,0.27209600000060163,0.010999999999999999,5,0.20368000000235043,6,1.5156159999969532,0.01,0.17171200000302633,-1,2,0,1,0,13,14,15,16,0
4,15,1,2,1,2,16,0,0,0.5,17,18,0,0,16432.122975999999,16436.672992,4.550016000001051,3,16429.112991999998,16432.120992,3.0080000000016298,60,1.1887679999999818,0.20000000000000001,0.074999999999999997,0.2776425947127335,0.22220800000286545,0.012,5,0.22096000000237837,6,1.1034879999970144,0.01,0.17171200000302633,1,1,0,0.5,0,13,14,15,16,0
4,15,1,3,2,2,17,0,0,0.5,17,18,0,0,16439.713984000002,16459.426975999999,19.71299199999703,3,16436.704000000002,16439.712,3.0079999999979918,60,16.463103999998566,0.20000000000000001,0.074999999999999997,0.2071029188653857,0.26476800000091316,0.013000000000000001,5,0.26288000000204192,6,0.96825600000011036,0.01,0.17171200000302633,-1,1,0,0,0,13,14,15,16,0
4,15,1,4,2,2,17,0,0,0.5,17,18,0,0,16462.458976000002,16465.016992000001,2.5580159999990428,3,16459.455999999998,16462.456991999999,3.0009920000011334,60,1.294527999998536,0.20000000000000001,0.074999999999999997,0.22180299415909688,0.24399999999877764,0.014000000000000002,5,0.2425279999988561,6,0.99760000000242144,0.01,0.021887999999307794,1,2,0,0.5,0,13,14,15,16,0
4,16,1,1,1,2,16,50,-4.6438561897747244,0.5,17,18,0,0,18146.326976,18151.810976000001,5.4840000000003783,3,18143.309984,18146.324992000002,3.0150080000021262,60,1.2203840000001946,0.20000000000000001,0.074999999999999997,10.032325584269625,0.97094400000059977,0.010999999999999999,5,0.88531200000215904,6,1.1617279999991297,0.01,0,1,1,0,0,0,13,14,15,16,0
4,16,1,2,1,2,16,50,-3.1699250014423126,0.5,17,18,0,0,18155.017983999998,18161.646976,6.6289920000017446,3,18152.009984,18155.016,3.006015999999363,60,3.167648000002373,0.20000000000000001,0.074999999999999997,0.21959826707962662,0.34739199999967241,0.012,5,0.3460479999994277,6,1.102655999999115,0.01,0,1,1,0,0,0,13,14,15,16,0
4,16,1,3,2,2,17,50,-3.1699250014423126,0.5,17,18,0,0,18164.68,18177.049984000001,12.369984000000841,3,18161.665983999999,18164.677984000002,3.0120000000024447,60,9.000928000001295,0.20000000000000001,0.074999999999999997,0.21138199911287078,0.23094399999899906,0.013000000000000001,5,0.2298880000016652,6,1.1224320000001171,0.01,0,1,1,0,0,0,13,14,15,16,0
4,16,1,4,2,2,17,50,4,0.5,17,18,0,0,18180.088,18187.650976000001,7.562976000001072,3,18177.074976,18180.085984000001,3.0110080000013113,60,4.2144640000005893,0.20000000000000001,0.074999999999999997,0.39211515171602718,0.23635199999989709,0.014000000000000002,5,0.23481600000013714,6,1.1037759999999253,0.01,0,-1,1,0,0,0,13,14,15,16,0
4,17,1,1,1,2,16,50,-4,0.5,17,18,0,0,18416.808991999998,18423.156992,6.3480000000017753,3,18413.779999999999,18416.806976,3.0269760000010137,60,4.7736320000003616,0.20000000000000001,0.074999999999999997,10.051663144289796,0.39264000000184751,0.010999999999999999,5,0.31727999999930034,6,1.0061439999990398,0.01,0.16012799999953131,-1,2,0,1,0,13,14,15,16,0
4,17,1,2,1,2,16,50,3.1699250014423126,0.5,17,18,0,0,18426.364000000001,18432.152991999999,5.7889919999979611,3,18423.361983999999,18426.361983999999,3,60,2.6357759999991686,0.20000000000000001,0.074999999999999997,0.26684736962350097,0.30054399999789894,0.012,5,0.29932799999733106,6,0.82230400000116788,0.01,0.16012799999953131,-1,1,0,0.5,0,13,14,15,16,0
4,17,1,3,2,2,17,50,2,0.5,17,18,0,0,18435.171999999999,18443.149984,7.9779840000010154,3,18432.169984,18435.169984,3,60,4.8471040000003995,0.20000000000000001,0.074999999999999997,0.26123493972540623,0.22185600000011618,0.013000000000000001,5,0.21996799999760697,6,0.9026880000019446,0.01,0.16012799999953131,-1,1,0,0,0,13,14,15,16,0
4,17,1,4,2,2,17,50,-3.1699250014423126,0.5,17,18,0,0,18446.191999999999,18462.337984000002,16.1459840000025,3,18443.184000000001,18446.189984000001,3.0059839999994438,60,14.829696000000695,0.20000000000000001,0.074999999999999997,0.21929338525775111,0.32560000000012224,0.014000000000000002,5,0.32431999999971595,6,0.97308799999882467,0.01,0.013568000002123881,-1,2,0,0.5,0,13,14,15,16,0
4,17,1,5,3,2,18,50,4.6438561897747244,0.5,17,18,0,0,18465.369984000001,18471.758976000001,6.3889920000001439,3,18462.364000000001,18465.367999999999,3.0039999999971769,60,3.2374400000007881,0.20000000000000001,0.074999999999999997,0.2042966059930135,0.26966399999946589,0.015000000000000003,5,0.26809599999978673,6,0.86918399999922258,0.01,0.013568000002123881,-1,1,0,0,0,13,14,15,16,0
4,18,1,1,1,10,16,50,2,0.5,17,18,0,0,18521.268992000001,18524.364991999999,3.0959999999977299,3,18518.240000000002,18521.266975999999,3.0269759999973758,60,1.2210239999985788,0.20000000000000001,0.074999999999999997,10.164792377054725,0.64598399999886169,0.010999999999999999,5,0.56201599999985774,6,1.0511680000017805,0.01,0.15203199999814387,1,2,0,1,0,13,14,15,16,0
4,18,1,2,1,10,16,50,4.6438561897747244,0.5,17,18,0,0,18530.921984000001,18534.340992000001,3.4190080000007583,3,18527.918976000001,18530.919999999998,3.0010239999974146,60,1.850112000000081,0.20000000000000001,0.074999999999999997,0.30266890737908686,0.62956800000029034,0.012,5,0.6276800000014191,6,0.9170559999984107,0.01,0.022272000001976267,1,2,0,1,0,13,14,15,16,0
4,18,1,3,1,10,16,50,4,0.5,17,18,0,0,18537.362976,18540.490976000001,3.1280000000006112,3,18534.358976,18537.360992000002,3.002016000002186,60,1.7335999999995693,0.20000000000000001,0.074999999999999997,0.31989624894869007,0.37430400000084774,0.013000000000000001,5,0.37289600000076462,6,0.99590399999942747,0.01,0.022976000000198837,1,2,0,1,0,13,14,15,16,0
4,18,1,4,1,10,16,50,3.1699250014423126,0.5,17,18,0,0,18543.522976,18547.922976000002,4.4000000000014552,3,18540.513984000001,18543.520992000002,3.0070080000004964,60,1.0084160000005795,0.20000000000000001,0.074999999999999997,0.27708759180757375,0.33068799999819021,0.014000000000000002,5,0.32908799999859184,6,1.0275519999995595,0.01,0.022976000000198837,-1,1,0,0.75,0,13,14,15,16,0
4,18,1,5,1,10,16,50,-2,0.5,17,18,0,0,18550.973984,18558.284992000001,7.3110080000005837,3,18547.966976,18550.972000000002,3.0050240000018675,60,0,0.20000000000000001,0.074999999999999997,0,0,0.014000000000000002,5,0,6,0,0.01,0,0,-4,0,0.75,0.16666666666666666,13,14,15,16,0
4,18,1,6,1,10,16,50,-4,0.5,17,18,0,0,18561.324992000002,18576.292991999999,14.967999999997119,3,18558.321983999998,18561.322975999999,3.0009920000011334,60,10.054943999999523,0.20000000000000001,0.074999999999999997,0.27515184923220803,0.23209599999972852,0.015000000000000003,5,0.23104000000239466,6,2.6684480000003532,0.01,0,1,1,0,0.59999999999999998,0.14285714285714285,13,14,15,16,0
4,18,1,7,1,10,16,50,-3.1699250014423126,0.5,17,18,0,0,18579.324992000002,18590.576000000001,11.251007999999274,3,18576.318975999999,18579.322975999999,3.0040000000008149,60,0,0.20000000000000001,0.074999999999999997,0,0,0.015000000000000003,5,0,6,0,0.01,0,0,-4,0,0.59999999999999998,0.25,13,14,15,16,0
4,18,1,8,1,10,16,50,-4.6438561897747244,0.5,17,18,0,0,18593.617984,18606.465983999999,12.847999999998137,3,18590.605984000002,18593.616000000002,3.0100160000001779,60,0,0.20000000000000001,0.074999999999999997,0,0,0.015000000000000003,5,0,6,0,0.01,0,0,-4,0,0.59999999999999998,0.33333333333333331,13,14,15,16,0
4,18,1,9,1,10,16,50,4,0.5,17,18,0,0,18609.504991999998,18620.696992000001,11.192000000002736,3,18606.495999999999,18609.502976,3.0069760000005772,60,4.7143360000009125,0.20000000000000001,0.074999999999999997,0.20990978560892137,0.29769600000145147,0.016000000000000004,5,0.29603200000201468,6,4.1725440000009257,0.01,0,-1,1,0,0.5,0.29999999999999999,13,14,15,16,0
4,18,1,10,1,10,16,50,4.6438561897747244,0.5,17,18,0,0,18623.738976000001,18636.746975999999,13.007999999997992,3,18620.728992,18623.736991999998,3.0079999999979918,60,0,0.20000000000000001,0.074999999999999997,0,0,0.016000000000000004,5,0,6,0,0.01,0,0,-4,0,0.5,0.36363636363636365,13,14,15,16,0
4,18,1,11,1,10,16,50,-4.6438561897747244,0.5,17,18,0,0,18639.772000000001,18653.854975999999,14.082975999997871,3,18636.765984000001,18639.769983999999,3.0039999999971769,60,12.27635200000077,0.20000000000000001,0.074999999999999997,0.29215019803519104,0.36783999999897787,0.017000000000000005,5,0.3662079999994603,6,1.4190720000005967,0.01,0.019711999997525709,-1,2,0,0.5714285714285714,0.33333333333333331,13,14,15,16,0
4,18,1,12,1,10,16,50,-2,0.5,17,18,0,0,18656.885984,18667.257984,10.371999999999389,3,18653.877983999999,18656.883999999998,3.006015999999363,60,6.2357439999977942,0.20000000000000001,0.074999999999999997,0.24324730769613692,0.81846399999994901,0.018000000000000006,5,0.81721599999946193,6,3.302560000000085,0.01,0.015232000001560664,-1,2,0,0.625,0.30769230769230771,13,14,15,16,0
4,18,1,13,1,10,16,50,3.1699250014423126,0.5,17,18,0,0,18670.279999999999,18685.257984,14.977984000001015,3,18667.276991999999,18670.277984,3.0009920000011334,60,11.368448000001081,0.20000000000000001,0.074999999999999997,0.22389467094770785,2.5408319999987725,0.019000000000000006,5,2.5392959999990126,6,1.0465280000025814,0.01,0.022175999998580664,1,2,0,0.66666666666666663,0.2857142857142857,13,14,15,16,0
4,18,1,14,1,10,16,50,-4,0.5,17,18,0,0,18688.290976,18701.048992,12.75801599999977,3,18685.282975999999,18688.288992000002,3.006016000003001,60,11.466432000001078,0.20000000000000001,0.074999999999999997,0.26650453687876252,0.37475199999971665,0.020000000000000007,5,0.37318400000003749,6,0.88921599999957834,0.01,0.02223999999841908,-1,2,0,0.69999999999999996,0.26666666666666666,13,14,15,16,0
4,18,1,15,2,10,17,50,-2,0.5,17,18,0,0,18704.090976,18709.649984,5.5590080000001763,3,18701.082976000002,18704.088992000001,3.006015999999363,60,4.1782080000011774,0.20000000000000001,0.074999999999999997,0.23586726436014316,0.20191999999951804,0.021000000000000008,5,0.20012800000040443,6,1.1513279999999213,0.01,0.022912000000360422,-1,2,0,1,0,13,14,15,16,0
4,18,1,16,2,10,17,50,4,0.5,17,18,0,0,18712.681983999999,18718.489984,5.8080000000009022,3,18709.670976000001,18712.68,3.0090239999990445,60,4.3543040000004112,0.20000000000000001,0.074999999999999997,0.25677051596118905,0.21199999999953434,0.022000000000000009,5,0.21030400000017835,6,1.2123200000023644,0.01,0.029375999998592306,1,2,0,1,0,13,14,15,16,0
4,18,1,17,2,10,17,50,-4.6438561897747244,0.5,17,18,0,0,18721.511999999999,18724.189984000001,2.677984000001743,3,18718.508991999999,18721.509984,3.0009920000011334,60,1.7153600000019651,0.20000000000000001,0.074999999999999997,0.39713489480815423,0.23859199999787961,0.02300000000000001,5,0.23695999999836204,6,0.70192000000315602,0.01,0.018079999998008134,-1,2,0,1,0,13,14,15,16,0
4,18,1,18,2,10,17,50,-2,0.5,17,18,0,0,18728.890975999999,18733.860992000002,4.9700160000029427,3,18725.888992,18728.888992,3,60,3.8012159999998403,0.20000000000000001,0.074999999999999997,0.22350926001490209,0.28188800000134506,0.024000000000000011,5,0.28009599999859347,6,0.8609920000017155,0.01,0.016959999997197883,-1,2,0,1,0,13,14,15,16,0
4,18,1,19,2,10,17,50,3.1699250014423126,0.5,17,18,0,0,18736.901984,18753.328000000001,16.426016000001255,3,18733.893983999998,18736.900000000001,3.006016000003001,60,0,0.20000000000000001,0.074999999999999997,0,0,0.024000000000000011,5,0,6,0,0.01,0,0,-4,0,1,0.20000000000000001,13,14,15,16,0
4,18,1,1,1,10,16,50,-3.1699250014423126,0.5,17,18,0,0,18826.265984000001,18834.743999999999,8.4780159999972966,3,18823.253983999999,18826.263999999999,3.0100160000001779,60,5.1613760000000184,0.20000000000000001,0.074999999999999997,10.134381930680826,0.6639679999971122,0.010999999999999999,5,0.61334399999759626,6,2.5241600000008475,0.01,0.023584000002301764,-1,2,0,1,0,13,14,15,16,0
4,18,1,2,1,10,16,50,-4,0.5,17,18,0,0,18837.952000000001,18847.788,9.8359999999993306,3,18834.932000000001,18837.949983999999,3.0179839999982505,60,0,0.20000000000000001,0.074999999999999997,0,0,0.010999999999999999,5,0,6,0,0.01,0,0,-4,0,1,0.33333333333333331,13,14,15,16,0
4,18,1,1,1,10,16,50,2,0.5,17,18,0,0,18940.977984000001,18957.472991999999,16.495007999998052,3,18937.966976,18940.975999999999,3.0090239999990445,60,0,10,0.074999999999999997,0,0,0.01,5,0,6,0,0.01,0,0,-4,0,0,0.5,13,14,15,16,0
4,18,1,2,1,10,16,50,4.6438561897747244,0.5,17,18,0,0,18960.693984000001,18978.342976,17.648991999998543,3,18957.681983999999,18960.691999999999,3.0100160000001779,60,0,10,0.074999999999999997,0,0,0.01,5,0,6,0,0.01,0,0,-4,0,0,0.66666666666666663,13,14,15,16,0
4,19,1,1,2,10,16,50,2,0.5,17,18,0,0,20920.770976,20924.887999999999,4.1170239999992191,3,20917.759999999998,20920.768992000001,3.0089920000027632,60,0.85068799999862676,0.20000000000000001,0.074999999999999997,10.336661525891119,0.25363199999992503,0.010999999999999999,5,0.17731199999980163,6,0.88086400000247522,0.01,0,-1,1,0,0,0,13,14,15,16,0
4,19,1,2,2,10,16,50,-4,0.5,17,18,0,0,20928.088992000001,20936.119999999999,8.0310079999981099,3,20925.072992000001,20928.086975999999,3.0139839999974356,60,0.62662400000044727,0.20000000000000001,0.074999999999999997,0.2327749909918404,0.2933759999978065,0.010999999999999999,5,0.29199999999764259,6,0.88086400000247522,0.01,0,-1,-4,0,0,0.33333333333333331,13,14,15,16,0
4,19,1,3,2,10,16,50,-4.6438561897747244,0.5,17,18,0,0,20939.178975999999,20942.900000000001,3.7210240000022168,3,20936.170976000001,20939.176992000001,3.006015999999363,60,1.7457280000016908,0.20000000000000001,0.074999999999999997,0.25387037154886472,0.31209599999783677,0.012,5,0.31081599999743048,6,1.5858560000015132,0.01,0.020415999999386258,-1,2,0,0.5,0.25,13,14,15,16,0
4,19,1,4,2,10,16,50,4.6438561897747244,0.5,17,18,0,0,20945.939999999999,20962.637984000001,16.69798400000218,3,20942.930976,20945.937984,3.0070080000004964,60,12.756416000000172,0.20000000000000001,0.074999999999999997,0.37305541430921196,0.28035200000158511,0.013000000000000001,5,0.27878400000190595,6,1.6553920000005746,0.01,0.020415999999386258,-1,1,0,0.33333333333333331,0.20000000000000001,13,14,15,16,0
4,19,1,5,2,10,16,50,-2,0.5,17,18,0,0,20965.668991999999,20979.540000000001,13.871008000001893,3,20962.666976,20965.666976,3,60,9.7632960000009916,0.20000000000000001,0.074999999999999997,0.37318317162833459,0.21055999999953201,0.014000000000000002,5,0.20886400000017602,6,3.8788800000002084,0.01,0.018272000001161359,-1,2,0,0.5,0.16666666666666666,13,14,15,16,0
4,19,1,6,2,10,16,50,4,0.5,17,18,0,0,20982.572,20985.940992,3.3689919999997073,3,20979.561984,20982.569984000002,3.0080000000016298,60,2.0437439999986964,0.20000000000000001,0.074999999999999997,0.20277502079024728,0.21209600000292994,0.015000000000000003,5,0.21084800000244286,6,1.0973119999980554,0.01,0.015840000000025611,1,2,0,0.59999999999999998,0.14285714285714285,13,14,15,16,0
4,19,1,7,2,10,16,50,-3.1699250014423126,0.5,17,18,0,0,20988.982975999999,20993.860992000002,4.8780160000023898,3,20985.973984,20988.980992000001,3.0070080000004964,60,3.600032000002102,0.20000000000000001,0.074999999999999997,0.25515464501666962,0.1841279999971448,0.016000000000000004,5,0.18313599999964936,6,1.073472000000038,0.01,0.020384000003105029,-1,2,0,0.66666666666666663,0.125,13,14,15,16,0
4,19,1,8,2,10,16,50,3.1699250014423126,0.5,17,18,0,0,20996.892992000001,21003.072,6.1790079999991576,3,20993.890975999999,20996.890975999999,3,60,2.6132479999978386,0.20000000000000001,0.074999999999999997,0.25953398559907814,0.26364800000010291,0.017000000000000005,5,0.26188799999727053,6,1.2955199999996694,0.01,0.020384000003105029,-1,1,0,0.5714285714285714,0.1111111111111111,13,14,15,16,0
4,19,1,9,2,10,16,50,4,0.5,17,18,0,0,21007.233983999999,21018.976992,11.743008000001282,3,21004.229984000001,21007.232,3.0020159999985481,60,4.5885760000019218,0.20000000000000001,0.074999999999999997,0.35690601080974693,0.13795200000095065,0.017000000000000005,5,0.13651200000094832,6,1.2955199999996694,0.01,0,-1,-4,0,0.5714285714285714,0.20000000000000001,13,14,15,16,0
4,19,1,10,2,10,16,50,-4,0.5,17,18,0,0,21022.012992,21026.187999999998,4.1750079999983427,3,21018.998975999999,21022.010976000001,3.0120000000024447,60,3.0394879999985278,0.20000000000000001,0.074999999999999997,0.25616289819920401,0.16953600000124425,0.018000000000000006,5,0.1680320000014035,6,0.94406399999934365,0.01,0.014495999999780906,-1,2,0,0.625,0.18181818181818182,13,14,15,16,0
4,19,1,11,2,10,16,50,-2,0.5,17,18,0,0,21029.221984,21070.897983999999,41.675999999999476,3,21026.214975999999,21029.220000000001,3.0050240000018675,60,40.455168000000413,0.20000000000000001,0.074999999999999997,0.20317030876545586,0.21039999999993597,0.019000000000000006,5,0.20857600000090315,6,0.99347199999829172,0.01,0.016960000000835862,-1,2,0,0.66666666666666663,0.16666666666666666,13,14,15,16,0
4,19,1,12,2,10,16,50,-3.1699250014423126,0.5,17,18,0,0,21073.929983999999,21079.277984,5.3480000000017753,3,21070.922976000002,21073.928,3.0050239999982296,60,3.8071360000030836,0.20000000000000001,0.074999999999999997,0.27173743384059512,0.2025919999978214,0.020000000000000007,5,0.20073599999886937,6,1.3193600000013248,0.01,0.013119999999616994,-1,2,0,0.69999999999999996,0.15384615384615385,13,14,15,16,0
4,19,1,1,2,3,16,50,-3.1699250014423126,0.5,17,18,0,0,21202.144992000001,21206.674975999998,4.5299839999970573,3,21199.136992,21202.142975999999,3.0059839999994438,60,2.9207999999998719,0.20000000000000001,0.074999999999999997,10.002749362732077,0.23132799999802955,0.010999999999999999,5,0.18012799999996787,6,1.2673280000017257,0.01,0.020479999999224674,-1,2,0,1,0,13,14,15,16,0
4,19,1,2,2,3,16,50,4.6438561897747244,0.5,17,18,0,0,21209.857983999998,21213.605984000002,3.7480000000032305,3,21206.853984000001,21209.856,3.0020159999985481,60,0.53420800000094459,0.20000000000000001,0.074999999999999997,0.21165503821653711,0.15184000000226661,0.012,5,0.15004800000315299,6,1.0253439999978582,0.01,0.020479999999224674,-1,1,0,0.5,0,13,14,15,16,0
4,19,1,3,2,3,16,50,4,0.5,17,18,0,0,21219.246975999999,21223.205984,3.9590080000016314,3,21216.236991999998,21219.244992,3.0080000000016298,60,0.82080000000132713,0.20000000000000001,0.074999999999999997,0.54151796028071364,0.11244799999985844,0.013000000000000001,5,0.092223999999987427,6,1.0175039999994624,0.01,0.020479999999224674,-1,1,0,0.33333333333333331,0,13,14,15,16,0
4,19,1,4,3,3,17,50,-3.1699250014423126,0.5,17,18,0,0,21226.257984,21230.076000000001,3.8180160000010801,3,21223.244992,21226.256000000001,3.0110080000013113,60,2.364000000001397,0.20000000000000001,0.074999999999999997,0.22623032260336917,0.21987199999784934,0.014000000000000002,5,0.2188800000003539,6,1.2086720000006608,0.01,0.017407999999704771,-1,2,0,1,0,13,14,15,16,0
4,19,1,5,3,3,17,50,3.1699250014423126,0.5,17,18,0,0,21233.117984,21237.556992000002,4.4390080000011949,3,21230.109983999999,21233.116000000002,3.006016000003001,60,1.1490239999984624,0.20000000000000001,0.074999999999999997,0.22801191548892338,0.25414400000227033,0.015000000000000003,5,0.25315200000113691,6,1.0285439999970549,0.01,0.017407999999704771,-1,1,0,0.5,0,13,14,15,16,0
4,19,1,6,3,3,17,50,-2,0.5,17,18,0,0,21240.577984,21243.356,2.778016000000207,3,21237.576000000001,21240.576000000001,3,60,1.28588800000216,0.20000000000000001,0.074999999999999997,0.23123785705242594,0.15951999999742839,0.016000000000000004,5,0.15840000000025611,6,1.3094080000009853,0.01,0.017120000000431901,-1,2,0,0.66666666666666663,0,13,14,15,16,0
4,19,1,7,4,3,18,50,4.6438561897747244,0.5,17,18,0,0,21246.387999999999,21255.906975999998,9.5189759999993839,3,21243.376992000001,21246.385984,3.0089919999991253,60,6.0350720000024012,0.20000000000000001,0.074999999999999997,0.2686624432857932,0.11161599999832106,0.017000000000000005,5,0.10969599999953061,6,1.3662079999994603,0.01,0.017120000000431901,-1,1,0,0,0,13,14,15,16,0
4,19,1,8,4,3,18,50,3.1699250014423126,0.5,17,18,0,0,21258.933983999999,21320.013984000001,61.080000000001746,3,21255.926975999999,21258.932000000001,3.0050240000018675,60,0,0.20000000000000001,0.074999999999999997,0,0,0.017000000000000005,5,0,6,0,0.01,0,0,-1,0,0,0.5,13,14,15,16,0
4,20,1,1,5,3,16,50,-4.6438561897747244,0.5,17,18,0,0,21371.577984,21375.246975999999,3.6689919999989797,3,21368.549984000001,21371.576000000001,3.0260159999997995,60,2.1812800000006973,0.20000000000000001,0.074999999999999997,10.011061156390909,0.37046399999962887,0.010999999999999999,5,0.27273599999898579,6,0.93619200000102865,0.01,0.019231999998737592,-1,2,0,1,0,13,14,15,16,0
4,20,1,2,5,3,16,50,4,0.5,17,18,0,0,21378.446975999999,21390.601984000001,12.155008000001544,3,21375.441984000001,21378.444992000001,3.0030079999996815,60,10.851520000000164,0.20000000000000001,0.074999999999999997,0.23012901805331393,0.22534400000222377,0.012,5,0.22384000000238302,6,1.0628479999977571,0.01,0.015296000001399079,1,2,0,1,0,13,14,15,16,0
4,20,1,3,5,3,16,50,4.6438561897747244,0.5,17,18,0,0,21393.624992000001,21397.392992000001,3.7680000000000291,3,21390.620992,21393.622975999999,3.0019839999986289,60,2.7292159999997239,0.20000000000000001,0.074999999999999997,0.22442615253118678,0.25072000000000116,0.013000000000000001,5,0.24892800000088755,6,0.76995199999873876,0.01,0.01811200000156532,1,2,0,1,0,13,14,15,16,0
4,21,1,1,6,3,16,50,4,0.5,17,18,0,0,23225.344000000001,23233.086975999999,7.742975999997725,3,23222.316992,23225.341983999999,3.0249919999987469,60,4.2116480000004231,0.20000000000000001,0.074999999999999997,10.014827092994249,0.31004799999936949,0.010999999999999999,5,0.23769600000014179,6,1.0930559999978868,0.01,0,-1,1,0,0,0,13,14,15,16,0
4,21,1,2,6,3,16,50,2,0.5,17,18,0,0,23236.315999999999,23269.742976000001,33.426976000002469,3,23233.294976000001,23236.313984,3.0190079999993031,60,30.124512000002142,0.20000000000000001,0.074999999999999997,0.20554109957866132,0.34598399999958929,0.012,5,0.34451199999966775,6,0.93980799999917508,0.01,0,-1,1,0,0,0,13,14,15,16,0
4,21,1,3,6,3,16,50,4.6438561897747244,0.5,17,18,0,0,23272.784,23286.009984,13.225984000000608,3,23269.770976,23272.781984000001,3.0110080000013113,60,10.07033600000068,0.20000000000000001,0.074999999999999997,0.21106530968066844,0.26083199999993667,0.013000000000000001,5,0.25916800000049989,6,0.89129599999796483,0.01,0,-1,1,0,0,0,13,14,15,16,0
4,22,1,1,7,3,16,50,2,0.5,17,18,0,0,23320.826976,23324.724991999999,3.8980159999991884,3,23317.821983999998,23320.824992000002,3.0030080000033195,60,0.5605439999999362,0.20000000000000001,0.074999999999999997,10.038094013193401,0.21299200000066776,0.010999999999999999,5,0.12451200000214158,6,0.9872639999994135,0.01,0,-1,1,0,0,0,13,14,15,16,0
4,22,1,2,7,3,16,50,3.1699250014423126,0.5,17,18,0,0,23327.937984,23358.652991999999,30.715007999999216,3,23324.919999999998,23327.936000000002,3.0160000000032596,60,27.594239999998535,0.20000000000000001,0.074999999999999997,0.59046462650071474,0.20291200000065146,0.012,5,0.18915199999901233,6,0.90822399999888148,0.01,0,-1,1,0,0,0,13,14,15,16,0
4,22,1,1,7,3,16,50,-2,0.5,17,18,0,0,23440.428,23447.018975999999,6.5909759999995003,3,23437.417984,23440.425984000001,3.0080000000016298,60,4.9693440000010014,0.20000000000000001,0.074999999999999997,10.039940767108018,0.25100799999927403,0.010999999999999999,5,0.20035199999983888,6,1.1935999999986961,0.01,0.012896000000182539,-1,2,0,1,0,13,14,15,16,0
4,23,1,1,8,3,16,50,2,0.5,17,18,0,0,23527.345984,23538.164000000001,10.81801600000108,3,23524.32,23527.344000000001,3.0240000000012515,60,5.2348160000001371,0.20000000000000001,0.074999999999999997,10.010003190264246,0.55635199999960605,0.010999999999999999,5,0.48316799999884097,6,2.8747519999997166,0.01,0,-1,1,0,0,0,13,14,15,16,0
4,24,1,1,9,3,16,50,4,0.5,17,18,0,0,23595.825983999999,23605.903999999999,10.078015999999479,3,23592.814976000001,23595.824000000001,3.0090239999990445,60,5.580735999999888,0.20000000000000001,0.074999999999999997,10.068810445743091,0.33344000000215601,0.010999999999999999,5,0.25516799999968498,6,2.0365759999986039,0.01,0,-1,1,0,0,0,13,14,15,16,0
4,25,1,1,10,3,16,50,2,0.5,17,18,0,0,23713.380000000001,23722.990976000001,9.6109759999999369,3,23710.372992000001,23713.377983999999,3.0049919999983103,60,3.0584639999979117,0.20000000000000001,0.074999999999999997,10.001494290267443,0.36710400000083609,0.010999999999999999,5,0.29459199999837438,6,4.0529280000009749,0.01,0,-1,1,0,0,0,13,14,15,16,0
4,26,1,1,11,3,16,50,-3.1699250014423126,0.5,17,18,0,0,23868.430976,23872.088992000001,3.6580160000012256,3,23865.416991999999,23868.428992000001,3.0120000000024447,60,1.6006720000004862,0.20000000000000001,0.074999999999999997,10.012044896293022,0.47846399999980349,0.010999999999999999,5,0.40611200000057579,6,1.397184000001289,0.01,0.026175999999395572,-1,2,0,1,0,13,14,15,16,0
4,27,1,1,12,3,16,50,4,0.5,17,18,0,0,23984.011999999999,23990.010976000001,5.9989760000025854,3,23980.990976000001,23984.009984,3.0190079999993031,60,2.7580159999997704,0.20000000000000001,0.074999999999999997,10.061198247968091,0.31104000000050291,0.010999999999999999,5,0.23907200000030571,6,0.78220800000053714,0.01,0,-1,1,0,0,0,13,14,15,16,0
4,27,1,2,12,3,16,50,4.6438561897747244,0.5,17,18,0,0,23993.200991999998,23997.16,3.9590080000016314,3,23990.198976,23993.198976,3,60,0.82019200000286219,0.20000000000000001,0.074999999999999997,0.50582514377405374,0.30313599999863072,0.012,5,0.28332800000134739,6,0.82633600000190199,0.01,0,-1,1,0,0,0,13,14,15,16,0
4,27,1,3,12,3,16,50,-4.6438561897747244,0.5,17,18,0,0,24000.200991999998,24002.822975999999,2.6219840000012482,3,23997.194975999999,24000.198976,3.0040000000008149,60,1.2081600000019534,0.20000000000000001,0.074999999999999997,0.20039690849621847,0.25247999999919557,0.013000000000000001,5,0.25065600000016275,6,1.0763520000000426,0.01,0.017184000000270316,-1,2,0,0.33333333333333331,0,13,14,15,16,0
4,27,1,1,12,3,16,50,-4,0.5,17,18,0,0,24618.706976000001,24621.214975999999,2.5079999999979918,3,24615.700991999998,24618.704991999999,3.0040000000008149,60,0.58796799999981886,0.20000000000000001,0.074999999999999997,10.002848860188438,0.51983999999720254,0.010999999999999999,5,0.45779199999742559,6,1.2489600000008068,0.01,0.15168000000267057,-1,2,0,1,0,13,14,15,16,0
4,27,1,2,12,3,16,50,2,0.5,17,18,0,0,24624.396992000002,24638.654976000002,14.257983999999851,3,24621.393983999998,24624.394976,3.0009920000011334,60,6.9923839999974007,0.20000000000000001,0.074999999999999997,0.42705473835069901,0.19139200000063283,0.010999999999999999,5,0.18979200000103447,6,1.2489600000008068,0.01,0,-1,-4,0,1,0.5,13,14,15,16,0
4,27,1,3,12,3,16,50,4,0.5,17,18,0,0,24641.697983999999,24657.272991999998,15.575007999999798,3,24638.688991999999,24641.696,3.0070080000004964,60,8.3781760000019858,0.20000000000000001,0.074999999999999997,0.24958882425693457,0.18326399999932619,0.010999999999999999,5,0.18144000000029337,6,1.2489600000008068,0.01,0,-1,-4,0,1,0.66666666666666663,13,14,15,16,0
4,27,1,1,12,3,16,50,4,0.5,17,18,0,0,24973.100992,24981.858976,8.7579839999998512,3,24970.083999999999,24973.098976000001,3.014976000002207,60,1.43500800000038,10,0.074999999999999997,10.062699563612895,0.19801599999846076,0.01,5,0.1030399999981455,6,0,0.01,0,0,-4,0,0,1,13,14,15,16,0
4,27,1,1,12,3,16,50,-3.1699250014423126,0.5,17,18,0,0,25018.401984,25050.396000000001,31.994016000000556,3,25015.398976,25018.400000000001,3.0010240000010526,60,24.669792000000598,10,0.074999999999999997,10.005597403874498,0.21119999999791617,0.01,5,0.16099199999734992,6,0,0.01,0,0,-4,0,0,1,13,14,15,16,0
4,27,1,1,12,3,16,50,4.6438561897747244,0.5,17,18,0,0,25095.975999999999,25105.263999999999,9.2880000000004657,3,25092.972991999999,25095.973984,3.0009920000011334,60,1.889632000002166,10,0.074999999999999997,10.00015660570909,0.29062399999747868,0.01,5,0.23027199999705772,6,0,0.01,0,0,-4,0,0,1,13,14,15,16,0
4,27,1,1,12,3,16,50,2,0.5,17,18,0,0,25122.181983999999,25131.810976000001,9.6289920000017446,3,25119.174975999998,25122.18,3.0050240000018675,60,2.275391999999556,10,0.074999999999999997,10.02161448790639,0.22864000000117812,0.01,5,0.18403200000102515,6,0,0.01,0,0,-4,0,0,1,13,14,15,16,0
4,27,1,1,12,3,16,50,-3.1699250014423126,0.5,17,18,0,0,25146.261984000001,25162.301984000002,16.040000000000873,3,25143.246975999999,25146.259999999998,3.0130239999998594,60,8.7576640000006591,10,0.074999999999999997,10.026075261482108,0.1850559999984398,0.01,5,0.13171199999851524,6,0,0.01,0,0,-4,0,0,1,13,14,15,16,0
4,27,1,2,12,3,16,50,4,0.5,17,18,0,0,25165.504991999998,25178.743999999999,13.239008000000467,3,25162.5,25165.502976,3.0029759999997623,60,6.044608000000153,10,0.074999999999999997,10.043329234267702,0.17916800000239164,0.01,5,0.16278400000010151,6,0,0.01,0,0,-4,0,0,1,13,14,15,16,0
4,27,1,1,12,3,16,50,4,0.5,17,18,0,0,25294.348991999999,25303.026976000001,8.677984000001743,3,25291.324000000001,25294.346976000001,3.0229760000001988,60,1.3202239999991434,10,0.074999999999999997,10.068346560632966,0.22675200000230689,0.01,5,0.17699200000060955,6,0,0.01,0,0,-4,0,0,1,13,14,15,16,0
4,27,1,2,12,3,16,50,-4.6438561897747244,0.5,17,18,0,0,25306.209984000001,25322.828000000001,16.618016000000353,3,25303.206976000001,25306.207999999999,3.0010239999974146,60,9.3915199999973993,10,0.074999999999999997,10.068118586118562,0.21008000000074389,0.01,5,0.19158400000014808,6,0,0.01,0,0,-4,0,0,1,13,14,15,16,0
4,27,1,1,12,3,16,50,-2,0.5,17,18,0,0,25491.148000000001,25500.976992,9.8289919999988342,3,25488.142975999999,25491.145983999999,3.0030079999996815,60,2.5422079999989364,10,0.074999999999999997,10.05268410360884,0.17871999999988475,0.01,5,0.13094400000045425,6,0,0.01,0,0,-4,0,0,1,13,14,15,16,0
4,28,1,1,13,3,16,50,-3.1699250014423126,0.5,17,18,0,0,25580.090976,25582.248992000001,2.1580160000012256,3,25577.076000000001,25580.088992000001,3.0129919999999402,60,0.55894400000033784,0.20000000000000001,0.074999999999999997,10.125343575180366,0.16662400000132038,0.010999999999999999,5,0.097568000001047039,6,1.2243199999975332,0.01,0.13542400000005728,-1,2,0,1,0,13,14,15,16,0
4,28,1,2,13,3,16,50,-2,0.5,17,18,0,0,25585.457984000001,25589.968000000001,4.5100160000001779,3,25582.453984,25585.455999999998,3.0020159999985481,60,1.7805760000010196,0.20000000000000001,0.074999999999999997,0.36336182501368464,0.30585599999903934,0.012,5,0.30441599999903701,6,0.40399999999863212,0.01,0.13542400000005728,1,1,0,0.5,0,13,14,15,16,0
4,28,1,3,13,3,16,50,-4.6438561897747244,0.5,17,18,0,0,25592.997984000001,25596.645983999999,3.6479999999974098,3,25589.990976000001,25592.995999999999,3.0050239999982296,60,1.358911999999691,0.20000000000000001,0.074999999999999997,0.50464785061369222,0.20636799999920186,0.013000000000000001,5,0.19526400000177091,6,2.0608959999990475,0.01,0.021823999999469379,-1,2,0,0.66666666666666663,0,13,14,15,16,0
4,28,1,4,14,3,17,50,-4.6438561897747244,0.5,17,18,0,0,25599.677984000002,25618.756991999999,19.079007999996975,3,25596.675999999999,25599.675999999999,3,60,17.724095999998099,0.20000000000000001,0.074999999999999997,0.20979979865274928,0.25241599999935715,0.014000000000000002,5,0.25049600000056671,6,1.0776320000004489,0.01,0.021024000001489185,-1,2,0,1,0,13,14,15,16,0
4,29,1,1,15,3,16,50,-4,0.5,17,18,0,0,27131.610976,27136.998975999999,5.3879999999990105,3,27128.596000000001,27131.608992000001,3.0129919999999402,60,3.3076160000018717,0.20000000000000001,0.074999999999999997,10.064745035456212,0.28380799999649753,0.010999999999999999,5,0.21241599999848404,6,1.6106560000007448,0.01,0.13110400000005029,-1,2,0,1,0,13,14,15,16,0
4,29,1,2,15,3,16,50,-2,0.5,17,18,0,0,27140.217983999999,27142.986976,2.7689920000011625,3,27137.209984000001,27140.216,3.006015999999363,60,1.4352319999998144,0.20000000000000001,0.074999999999999997,0.21738177411356571,0.3404160000027332,0.012,5,0.33865599999990081,6,0.97075199999744655,0.01,0.016960000000835862,-1,2,0,1,0,13,14,15,16,0
4,29,1,3,15,3,16,50,3.1699250014423126,0.5,17,18,0,0,27146.016992000001,27152.025984,6.0089919999991253,3,27143.011999999999,27146.014975999999,3.0029759999997623,60,2.7745279999980994,0.20000000000000001,0.074999999999999997,0.40134458487137936,0.20281600000089384,0.013000000000000001,5,0.2013440000009723,6,1.0052160000013828,0.01,0.016960000000835862,-1,1,0,0.66666666666666663,0,13,14,15,16,0
